conversation_id,questions_id,questions,answer,source
1,1,Google Cloud 的 N4A 虛擬機器有什麼特色？,"Google Cloud 的 N4A 虛擬機器是第二批採用 Axion 處理器的通用型虛擬機器，具有以下特色：

*   **成本效益高**：相較於 x86 架構 CPU 虛擬機器，提供兩倍的性價比。
*   **能源效率高**：每瓦效能領先幅度達到 80%。
*   **支援多種工作負載**：包括微服務、容器化應用、資料庫、資料分析、AI 應用等。
*   **支援 GKE**：可在 GKE 叢集的 Autopilot 或標準模式中使用。
*   **擴展區域**：已擴展至多個區域，包括美國、歐洲和亞洲。",data_04.txt
1,2,它跟上一代的 C4A 有什麼不同？,N4A是Google Cloud旗下第二批採用Axion處理器的一般用途虛擬機器，而C4A是第一款導入Arm架構的裸機運算服務。N4A提供兩倍的性價比和80%的能源使用效率，C4A則提供專屬於單一用戶執行的實體伺服器系統。,data_04.txt
1,3,那目前可以在哪些地區使用這個服務？,目前N4A已擴及us-central1（愛荷華州）、us-east4（北維吉尼亞州）、europe-west3（法蘭克福）、europe-west4（荷蘭）、us-east1（南卡羅萊納州）、us-west1（奧勒岡州）、asia-southeast1（新加坡）、europe-west1（比利時）、europe-west2（倫敦）等地區。,data_04.txt
2,1,最近去日本旅遊天氣要注意什麼？,日本最近天氣很冷，甚至常常下大雪，預估2月7日至9日之間將有一波強冷空氣襲捲，可能出現強風、降雪甚至暴風雪。此外，日本正經歷第二波流感流行，A型H3N2及B型流感都有。,data_03.txt
2,2,那邊現在有流感疫情嗎？,日本目前正經歷第二波流感流行，患者人數連續3周增加。台日兩邊都開始了這個秋冬的第二波流感流行，包含A型H3N2和B型流感。,data_03.txt
2,3,東京的情況嚴重嗎？,根據資料，東京周邊縣份的流感病例數又再次出現，目前比較流行的區域包括八王子市、町田市、中野區、豐島區、北區、荒川區、江東區。全日本47個都道府縣中，有38個都道府縣超過10人感染，且42個都道府縣的患者數比前一周增加，因此可以說東京的情況有一定的流行。,data_03.txt
